<?xml version="1.0" encoding="UTF-8"?>
<beans xmlns="http://www.springframework.org/schema/beans"
	xmlns:xsi="http://www.w3.org/2001/XMLSchema-instance"
	xmlns:context="http://www.springframework.org/schema/context"
	xmlns:mvc="http://www.springframework.org/schema/mvc"
	xsi:schemaLocation="http://www.springframework.org/schema/beans http://www.springframework.org/schema/beans/spring-beans.xsd
		http://www.springframework.org/schema/context http://www.springframework.org/schema/context/spring-context-4.0.xsd
		http://www.springframework.org/schema/mvc http://www.springframework.org/schema/mvc/spring-mvc-4.0.xsd">


	<mvc:annotation-driven  />
	
	<context:component-scan base-package="com.packt.webstore" />
	
	<bean class="org.springframework.web.servlet.view.InternalResourceViewResolver">
		<property name="prefix" value="/WEB-INF/views/" />
		<property name="suffix" value=".jsp" />
        <property name="order" value="2" />
	</bean>

	
	<bean id= "messageSource" class="org.springframework.context.support.ResourceBundleMessageSource">
   		<property name="basenames" value="messages,errormessages"/> 
	</bean>
	
	<mvc:resources  location="/resources/"  mapping="/resources/**"/>
 
	
</beans>
