<?xml version="1.0" encoding="UTF-8"?>
<beans xmlns="http://www.springframework.org/schema/beans" xmlns:security="http://www.springframework.org/schema/security" 
	xmlns:xsi="http://www.w3.org/2001/XMLSchema-instance"
	xmlns:context="http://www.springframework.org/schema/context"
   xmlns:tx="http://www.springframework.org/schema/tx"
	xmlns:mvc="http://www.springframework.org/schema/mvc"
	xsi:schemaLocation="http://www.springframework.org/schema/beans http://www.springframework.org/schema/beans/spring-beans.xsd
		http://www.springframework.org/schema/security http://www.springframework.org/schema/security/spring-security.xsd
		http://www.springframework.org/schema/context http://www.springframework.org/schema/context/spring-context.xsd
		http://www.springframework.org/schema/mvc http://www.springframework.org/schema/mvc/spring-mvc.xsd">

<!-- enable Method level authorization  This will work for Web components - NOT APPLICATION level -->
 		<!-- security:global-method-security pre-post-annotations="enabled"/ -->

 	
	<mvc:annotation-driven />
	<context:component-scan base-package="mum.edu.controller" />
 	
	<bean class="org.springframework.web.servlet.view.InternalResourceViewResolver">
		<property name="prefix" value="/WEB-INF/views/" />
		<property name="suffix" value=".jsp" />
	</bean>
	
	<bean id= "messageSource" class="org.springframework.context.support.ResourceBundleMessageSource">
   		<property name="basename" value="messages"/> 
	</bean>
	
	<mvc:resources  location="/resources/"  mapping="/resource/**"/>
 
 	<mvc:interceptors>
		<mvc:interceptor>
        	<mvc:mapping path="/**"/>
        	<bean class="mum.edu.interceptor.VolunteerInterceptor" />
    	</mvc:interceptor>	 			
	</mvc:interceptors>
 
 
 </beans>
